Trace metal concentrations in filtered water (0.45 um) analyzed at Trent WQC,,,,,,,,,,,,,,,,,,,,,,,
York Sample ID #,Province,Lake,Station,,Sampling Date,Sampling depth (m or range if integrated),,Fe ppb,Fe RSD,Co ppb,Co RSD,Ni ppb,Ni RSD,Cu ppb,Cu RSD,Zn ppb,Zn RSD,Mo ppb,Mo RSD,Mn ppb,Mn RSD,V ppb,V RSD
,,,,,,,,,,,,,,,,,,,,,,,
TMF-183,Man,BLANK,,17 053 054,2017-09-30,,,1.03,4.89,0.03,3.96,< D.L.,< D.L.,0.38,3.75,371.04,1.3,0.27,3.15,0.05,4.74,0.16,22.66
TMF-149,Man,Lake Winnipeg,W13,17 053 001,2017-09-19,1,,4.08,5.95,0.13,1.88,1.77,5.79,1.87,4.81,82.33,3.18,0.82,2.39,5.76,2.53,2.18,5.19
TMF-166,Man,Lake Winnipeg,W13,17 053 002,2017-09-19,7.5,1 m above bottom,4.41,1.74,0.13,2.98,1.98,3.35,1.79,2.21,99.36,2.11,0.86,4.57,5.48,3.45,2.2,3.08
TMF-150,Man,Lake Winnipeg,8ns,17 053 051,2017-09-20,1,,5.04,2.96,0.12,1.19,1.71,4.82,2,3.66,79.07,2.39,0.79,3.19,2.62,2.41,1.88,5.46
TMF-151,Man,Lake Winnipeg,W8,17 053 004,2017-09-21,1,,4.84,3.69,0.12,1.1,1.6,5.57,1.84,3,131.63,0.23,0.81,1.36,1.18,1.92,2.03,3.2
TMF-152,Man,Lake Winnipeg,W14,17 053 007,2017-09-21,1,,8.46,0.44,0.12,0.1,1.45,4.37,1.91,2.54,53.18,2.03,0.7,0.75,0.5,3.06,1.71,2.1
TMF-169,Man,Lake Winnipeg,W14,17 053 008,2017-09-21,8.5,1 m above bottom,8.11,1.67,0.11,3.28,1.39,4.2,1.76,2.06,116.52,1.76,0.67,2.45,0.71,3.3,1.74,2.61
TMF-168,Man,Lake Winnipeg,W8,17 053 005,2017-09-21,13.0,1 m above bottom,4.97,4.07,0.11,0.61,1.55,4.16,3.66,1.62,61.56,1.82,0.81,1.1,1.16,1.14,1.85,2.2
TMF-153,Man,Lake Winnipeg,W5,17 053 010,2017-09-22,1,,8.32,2.38,0.12,2.17,1.14,4.26,1.53,1.99,107.63,0.74,0.86,2.18,0.47,0.87,1.28,3.99
TMF-170,Man,Lake Winnipeg,W5,17 053 011,2017-09-22,12.7,1 m above bottom,7.86,3.77,0.11,3.3,1.15,2.01,1.55,3.05,60.15,3.04,0.75,2.05,0.43,3.15,1.22,9.27
TMF-154,Man,Lake Winnipeg,W1,17 053 016,2017-09-23,1,,2.84,0.87,0.11,2.57,1.23,3.51,1.21,1.67,115.36,1.4,0.87,3.25,0.32,3.43,0.73,3.93
TMF-155,Man,Lake Winnipeg,22,17 053 019,2017-09-23,1,,3.1,1.41,0.11,2.08,1.96,3.14,1.39,1.43,75.22,2.01,0.84,3.64,0.32,0.83,1.02,4.31
TMF-160,Man,Lake Winnipeg,Warren's Landing,17 053 022,2017-09-23,1,,3.07,3.68,0.17,4.23,1.35,3.45,1.69,1.94,78.9,1.68,1.74,1.47,0.49,0.37,1.12,1.75
TMF-172,Man,Lake Winnipeg,22,17 053 020,2017-09-23,13.3,1 m above bottom,3.06,3.26,0.11,1.15,1.4,0.73,1.38,1.65,118.72,1.68,0.84,2.31,0.29,0.93,1.14,0.44
TMF-171,Man,Lake Winnipeg,W1,17 053 017,2017-09-23,15.2,1 m above bottom,2.74,3.12,0.11,2.35,1.31,3.06,1.2,1.06,60.04,2.67,0.94,1.7,0.37,2.46,0.73,4.1
TMF-156,Man,Lake Winnipeg,31,17 053 025,2017-09-24,1,,4.75,1.78,0.12,0.92,1.53,1.13,1.37,1.26,120.66,0.39,1.24,0.89,0.37,2.18,0.84,5.83
TMF-161,Man,Lake Winnipeg,2-Mile,17 053 052,2017-09-24,1,,2.98,1.99,0.11,4.9,1.74,3.09,1.58,1.65,49.8,0.34,0.86,1.14,0.31,5.2,1.08,3.03
TMF-173,Man,Lake Winnipeg,31,17 053 026,2017-09-24,9.7,1 m above bottom,2.53,0.88,0.18,2.61,1.44,2.99,1.26,3.18,109.23,0.71,1.76,5.02,0.42,1.81,0.84,3.37
TMF-157,Man,Lake Winnipeg,28,17 053 028,2017-09-25,1,,3.93,1.35,0.12,3.24,1.35,1.51,1.32,4.27,379.35,1.34,0.92,1.13,0.71,1.85,1.13,3.02
TMF-158,Man,Lake Winnipeg,W2,17 053 031,2017-09-25,1,,2.25,4.01,0.12,3.11,1.4,2.26,1.36,1.41,96.38,1.35,0.98,0.22,0.68,0.54,0.85,2.44
TMF-174,Man,Lake Winnipeg,28,17 053 029,2017-09-25,?,1 m above bottom,3.99,3.39,0.12,1.21,1.49,1.96,1.28,0.35,284.36,0.52,1,2.74,0.78,0.6,1.07,5.15
TMF-175,Man,Lake Winnipeg,W2,17 053 032,2017-09-25,?,1 m above bottom,2.63,1.17,0.12,3.79,1.63,2.6,1.41,1.72,109.49,0.34,0.98,2.21,1.09,2.2,0.95,1.73
TMF-159,Man,Lake Winnipeg,W6,17 053 034,2017-09-27,1,,6.83,3.84,0.11,4.43,1.29,4.73,1.55,2.56,319.01,2.37,0.77,0.9,1.4,1.71,1.29,8.7
TMF-176,Man,Lake Winnipeg,W6,,2017-09-27,14.8,1 m above bottom,6.01,2.2,0.11,2.81,1.2,6.34,1.34,3.52,586,1.25,0.72,3.27,2.11,3.12,1.31,4.28
TMF-162,Man,Lake Winnipeg,59,17 053 037,2017-10-02,1,,7.61,2.22,0.1,5.41,1.22,3.98,1.61,2.56,501.26,1.98,0.62,1.09,0.74,1.71,1.65,3.48
TMF-165,Man,Lake Winnipeg,W12,17 053 046,2017-10-02,1,,4.83,5.34,0.17,1.52,1.93,3.68,2.14,1.42,445.89,1.23,1.19,0.96,0.8,2.43,2.59,4.54
TMF-182,Man,Lake Winnipeg,W12,17 053 047,2017-10-02,6.6,1 m above bottom,5.33,6.76,0.18,3.38,2.13,3.79,2.15,1.26,514.21,1.77,1.21,2.9,0.94,0.76,2.98,3.72
TMF-179,Man,Lake Winnipeg,59,17 053 038,2017-10-02,9.1,1 m above bottom,7.31,3.61,0.1,3.79,1.18,2.23,1.64,0.28,511.27,1.1,0.67,2.4,0.89,0.96,1.67,5.39
TMF-163,Man,Lake Winnipeg,W11,17 053 040,2017-10-03,1,,28.06,3.23,0.07,2.42,0.78,2.65,1.59,1.93,470,2.78,0.23,3.5,0.85,1.14,1.11,2.73
TMF-164,Man,Lake Winnipeg,7,17 053 043,2017-10-03,1,,37.2,3.28,0.08,0.21,0.71,4.28,1.17,3.34,420.74,1.08,0.34,3.38,0.89,3.17,0.83,5.64
TMF-181,Man,Lake Winnipeg,7,17 053 044,2017-10-03,4.0,1 m above bottom,38,3.1,0.07,3.91,0.67,4.25,1.1,2.49,334.89,2.93,0.18,2.11,1,2.45,0.69,4.22
TMF-180,Man,Lake Winnipeg,W11,17 053 041,2017-10-03,6.8,1 m above bottom,34.45,4.17,0.12,5.31,0.78,2,1.64,2.52,469.04,1.01,1.13,2.17,1.14,1.7,1.04,2.13
TMF-216,NB,Baker,,,2017-09-27,1,,5.14,0.93,0.06,4.19,0.18,15.5,0.6,3.18,155.94,1.76,0.11,5.35,0.56,3.1,0.18,11.74
TMF-215,NB,Baker,,,2017-09-27,23,,7.23,2.17,0.07,5.34,0.23,13.66,0.96,4.98,255.45,2.17,0.11,2.4,1.92,3.49,0.18,7.39
TMF-213,NB,Chamcook,,,2017-09-26,1,,4.35,0.49,0.05,1.64,< D.L.,< D.L.,0.57,3.42,5.18,2.28,0.31,6.47,0.43,3.99,0.1,22.62
TMF-214,NB,Chamcook,,,2017-09-26,20,,6.32,2.42,0.04,2.78,< D.L.,< D.L.,0.48,3.91,22.81,3.79,0.16,6.71,2.02,2.87,0.08,14.49
TMF-204,NB,Davidson,,,2017-09-12,1,,49.66,15.35,0.07,1.45,0.7,1.5,0.79,0.56,1001.01,2.32,0.57,3.82,1.96,2.75,1.3,2.86
TMF-205,NB,George,,,2017-09-13,0.5,,20.01,1.02,0.06,2.93,0.76,6.2,0.86,4.59,4059.71,1.01,0.07,2.51,1.48,4.14,0.62,2.55
TMF-203,NB,Harvey,,,2017-09-12,1,,9.49,3.3,0.05,5.48,0.32,4.14,0.63,2.78,718.59,2.51,0.18,1.31,1.22,1.49,0.38,5.95
TMF-206,NB,Magaguadavic,,,2017-09-13,0.5,,28.12,2.43,0.05,3.14,0.26,7.84,0.89,3.45,386.26,1.75,0.23,3.93,1.61,2.33,1.31,0.3
TMF-219,NB,Oromocto,,,2017-10-13,1,,5.53,0.62,0.04,5.4,< D.L.,< D.L.,0.51,1.96,5.38,1.29,0.03,21.58,0.6,1.33,0.07,5.6
TMF-218,NB,Sinclair,,,2017-10-05,1,,57.35,2.64,0.05,2.65,< D.L.,< D.L.,0.33,4.96,91.59,1.95,0.11,2.09,1.31,0.91,0.21,7.41
TMF-217,NB,Unique,,,2017-09-27,1,,95.62,3.26,0.1,0.56,0.13,18.41,0.6,3.59,15.94,3.22,0.08,3.02,20.91,2.17,0.2,11.59
TMF-211,NB,Utopia,,,2017-09-26,1,,60.23,1.28,0.03,4.27,< D.L.,< D.L.,0.53,0.85,32.59,0.95,0.16,3.36,9.44,1.7,0.11,0.75
TMF-212,NB,Utopia,,,2017-09-26,22,,20.92,1.01,0.08,3.75,0.06,51.25,0.8,8.59,10.05,1.47,1.14,9.97,1.1,8.01,0.14,10.55
TMF-209,NB,Walton,,,2017-09-25,1,,15.51,2.37,0.04,2.06,< D.L.,< D.L.,1.63,0.91,13.45,2.92,0.03,8.22,2.7,3.92,0.13,11.65
TMF-210,NB,Walton,,,2017-09-25,13,,7.33,1.84,0.05,2.88,0,1366.72,0.31,0.14,99.08,2,0.02,3.55,20.87,3.24,0.06,11.6
TMF-208,NB,Yoho,,,2017-09-18,1,,6.56,0.49,0.04,1,0.41,3.5,2.03,2.16,1172.37,1.07,0.02,14.06,1.31,2.08,0.3,10.64
TMF-207,NB,Yoho,,,2017-09-18,12,,43.69,0.28,0.12,3.72,0.01,106.97,0.51,2.9,4.95,3.7,0.04,5.58,96.26,1.43,0.11,17.91
TMF-259,Ont,221,,,2017-09-13,1,,126.357,1.396,0.043,13.078,1.2,11.825,0.492,3.586,44.953,0.62,0.052,23.849,8.15,2.307,0.09,22.832
TMF-260,Ont,221,,,2017-09-13,5,,3082.42,0.292,0.607,4.247,1.078,9.295,0.305,7.299,6.062,2.835,0.039,13.68,176.706,0.619,0.527,6.518
TMF-261,Ont,222,,,2017-09-13,1,,398.248,1.828,0.022,13.037,1.13,11.188,0.364,2.915,25.791,2.56,0.132,5.631,8.08,2.269,0.151,10.181
TMF-262,Ont,222,,,2017-09-13,4,,921.835,3.758,0.082,2.927,1.114,15.464,0.366,4.88,92.373,3.019,0.128,3.109,245.778,3.188,0.259,8.739
TMF-263,Ont,222,,,2017-09-13,5,,971.218,4.094,0.248,4.442,1.022,3.39,0.493,6.599,83.908,3.768,0.108,14.667,536.195,3.851,0.264,4.265
TMF-264,Ont,224,,,2017-09-13,1,,1.736,3.74,0.002,130.613,1.034,10.417,0.238,4.743,1.75,3.543,0.018,26.856,0.553,0.781,0.018,31.592
TMF-265,Ont,224,,,2017-09-13,25,,1560.952,8.827,0.239,3.411,0.959,13.481,0.155,5.264,45.077,9.389,0.008,16.732,240.722,2.497,0.044,19.977
TMF-348,Ont,227,,,2017-05-23,epi,,119.856,3.249,0.074,7.936,1.366,4.687,1.01,5.139,822.54,4.525,0.16,13.601,1.282,5.74,2.236,4.299
TMF-349,Ont,227,,,2017-05-23,meta,,288.422,1.625,0.062,3.932,1.295,8.12,0.729,6.21,143.706,2.762,0.097,4.776,4.785,4.89,1.023,1.887
TMF-350,Ont,227,,,2017-06-05,0,,66.388,2.513,0.041,13.248,0.98,6.987,0.933,3.663,11.635,2.258,0.093,18.691,1.155,6.045,0.102,2.276
TMF-351,Ont,227,,,2017-06-05,1,,73.494,5.536,0.045,6.806,0.987,10.347,0.412,2.86,56.556,4.931,0.08,10.521,2.808,5.775,0.096,11.079
TMF-352,Ont,227,,,2017-06-05,3,,289.076,1.409,0.11,2.335,1.137,7.652,0.888,4.538,181.152,2.279,1.334,8.445,1.236,4.399,2.058,6.114
TMF-353,Ont,227,,,2017-06-05,4,,302.65,3.16,0.056,2.271,1.047,7.291,0.779,5.49,39.228,4.187,0.449,9.75,2.663,5.438,0.072,7.627
TMF-354,Ont,227,,,2017-06-05,6,,299.547,0.996,0.569,4.404,1.078,7.036,1.012,4.358,50.703,1.738,0.238,4.252,112.247,3.235,0.08,7.305
TMF-355,Ont,227,,,2017-06-05,8,,303.695,1.562,0.707,1.024,0.882,11.893,0.794,1.223,68.268,1.232,0.16,8.682,142.765,0.616,0.075,22.071
TMF-356,Ont,227,,,2017-06-05,10,,19836.341,5.658,8.704,5.017,1.303,3.028,1.193,3.698,1089.396,6.565,0.282,6.29,2046.725,4.704,2.747,5.412
TMF-15,Ont,227,central stn,,2017-06-19,epi,,50.651,2.095,0.061,5.408,0.266,4.832,0.529,5.087,96.0,1.086,0.077,6.562,3.164,3.872,0.5,1.812
TMF-17,Ont,227,central stn,,2017-06-19,hypo,,714.481,0.357,0.672,1.309,0.34,1.229,0.506,1.015,1438.3,0.288,0.075,3.36,137.979,1.252,1.257,1.181
TMF-16,Ont,227,central stn,,2017-06-19,meta,,266.327,1.467,0.063,4.027,0.251,4.361,0.414,2.637,32.4,0.533,0.076,2.474,1.003,3.418,0.126,4.472
TMF-18,Ont,227,central stn,,2017-06-22,0,,51.863,1.154,0.064,3.896,0.265,5.437,0.458,2.538,72.7,0.802,0.049,9.502,1.113,1.474,0.337,2.468
TMF-19,Ont,227,central stn,,2017-06-22,8,,594.147,0.685,0.57,2.476,0.279,2.691,0.35,0.94,528.7,0.863,0.061,5.357,120.136,2.192,0.258,0.947
TMF-20,Ont,227,central stn,,2017-06-27,0,,73.342,1.015,0.093,5.064,0.193,1.856,0.254,3.818,5.2,2.281,0.011,5.438,2.88,4.913,0.139,3.819
TMF-21,Ont,227,central stn,,2017-06-27,8,,1155.081,25.316,0.856,5.641,0.259,9.799,0.226,8.41,31.6,24.565,2.077,15.44,180.548,3.692,0.432,22.4
TMF-22,Ont,227,central stn,,2017-07-03,0,,75.151,0.477,0.149,3.52,0.171,2.627,0.351,3.245,5.7,0.841,0.413,6.492,5.718,5.691,0.116,3.537
TMF-23,Ont,227,central stn,,2017-07-03,8,,1707.911,0.658,0.927,27.743,0.244,26.298,0.278,27.593,7.5,0.604,0.207,26.318,196.325,26.623,0.212,3.261
TMF-24,Ont,227,central stn,,2017-07-04,0,,88.096,1.845,0.117,27.183,0.125,25.809,0.308,27.729,6.8,1.605,0.115,66.587,4.73,27.048,0.132,2.34
TMF-25,Ont,227,central stn,,2017-07-04,1,,75.959,1.916,0.122,1.957,0.234,3.295,0.309,1.373,10.3,2.813,0.091,8.447,4.06,2.537,0.207,0.721
TMF-26,Ont,227,central stn,,2017-07-04,3,,185.25,0.701,0.063,1.849,0.238,1.789,0.35,1.961,40.3,0.424,0.102,10.45,1.297,3.486,0.132,4.765
TMF-27,Ont,227,central stn,,2017-07-04,4,,253.416,1.575,0.066,4.213,0.274,2.783,0.952,3.775,43.7,0.343,0.087,6.352,2.773,2.806,0.14,3.7
TMF-28,Ont,227,central stn,,2017-07-04,6,,572.805,0.768,0.658,1.217,0.593,4.339,3.478,1.05,172.8,1.478,0.083,8.226,134.149,2.351,0.221,2.413
TMF-29,Ont,227,central stn,,2017-07-04,8,,1257.291,3.865,0.727,7.907,0.288,9.125,0.28,8.639,29.0,1.132,0.069,12.445,152.616,10.353,0.451,0.805
TMF-30,Ont,227,central stn,,2017-07-04,10,,5644.351,0.86,2.208,1.893,0.357,3.828,2.855,1.779,21.0,1.699,0.096,3.384,479.01,2.609,0.72,3.214
TMF-31,Ont,227,central stn,,2017-07-06,0,,83.945,3.403,0.163,1.964,0.287,4.026,0.545,4.539,9.8,2.016,0.015,15.903,6.723,0.902,0.149,3.14
TMF-32,Ont,227,central stn,,2017-07-06,8,,1379.136,0.746,0.853,0.449,0.342,2.069,0.235,1.691,5.8,2.131,0.074,5.126,185.184,1.388,0.23,1.789
TMF-33,Ont,227,central stn,,2017-07-10,0,,120.939,1.16,0.207,0.411,0.255,2.472,1,0.579,74.2,0.795,0.015,12.824,10.127,0.777,0.75,0.683
TMF-34,Ont,227,central stn,,2017-07-10,1,,113.415,3.364,0.201,2.078,0.299,2.379,2.795,1.748,733.6,1.864,0.018,6.271,12.145,0.889,0.866,2.328
TMF-35,Ont,227,central stn,,2017-07-10,3,,199.356,0.772,0.072,4.418,0.263,5.558,1.138,4.232,791.1,0.374,0.056,2.733,10.725,4.867,1.274,1.575
TMF-36,Ont,227,central stn,,2017-07-10,4,,245.073,0.913,0.07,8.788,0.397,7.065,0.636,6.304,1632.1,0.407,0.06,8.119,2.936,5.155,1.922,0.91
TMF-37,Ont,227,central stn,,2017-07-10,6,,760.92,1.617,0.723,1.988,0.31,4.782,0.24,4.439,387.5,1.909,0.059,3.009,148.665,2.591,0.914,2.974
TMF-38,Ont,227,central stn,,2017-07-10,8,,2209.359,0.712,1.074,1.719,0.388,2.069,0.275,3.868,932.1,1.068,0.065,4.66,231.862,2.485,1.711,2.671
TMF-39,Ont,227,central stn,,2017-07-10,10 m (prob in bottom sediment),,110592809.312,86.608,7.746,0.489,1.256,0.924,1.016,1.086,4436.7,1.354,0.19,5.327,1833.322,0.429,4.531,0.514
TMF-40,Ont,227,central stn,,2017-07-12,0,,150.153,2.472,0.208,2.705,0.212,3.481,0.263,2.688,78.9,2.116,0.02,2.68,17.306,1.779,0.149,3.17
TMF-41,Ont,227,central stn,,2017-07-12,8,,3101.368,0.904,1.404,1.767,0.332,0.303,0.408,2.184,26.4,0.85,1.269,4.308,315.64,2.316,0.38,1.949
TMF-293,Ont,227,,,2017-07-17,0,,150.607,3.305,0.223,4.872,0.97,8.381,0.551,2.999,1344.749,2.585,0.014,21.698,12.773,5.312,1.722,3.521
TMF-294,Ont,227,,,2017-07-17,8,,1694.177,1.242,0.981,6.272,1.064,7.962,0.287,3.533,662.087,1.981,0.063,35.755,215.117,3.134,1.847,5.35
TMF-291,Ont,227,,,2017-07-17,epi,,144.14,5.198,0.236,2.937,1.122,10.294,0.903,2.834,2585.003,4.078,0.018,13.66,12.946,4.745,2.742,9.17
TMF-292,Ont,227,,,2017-07-17,meta,,145.903,2.713,0.053,12.344,0.895,11.316,0.45,2.082,744.052,3.143,0.02,19.305,1.958,3.283,0.685,2.246
TMF-295,Ont,227,,,2017-07-19,8,,148.369,2.543,0.233,2.379,0.96,10.131,0.929,1.864,3227.527,2.757,0.017,6.648,11.349,1.917,3.389,4.952
TMF-296,Ont,227,,,2017-07-19,8,,2368.934,2.075,1.303,3.162,1.431,17.477,0.438,4.412,1193.419,2.694,0.076,7.258,292.284,0.748,1.818,5.145
TMF-297,Ont,227,,,2017-07-24,0,,139.823,3.581,0.189,9.964,1.139,7.477,0.431,5.265,68.822,3.86,0.018,25.305,4.624,5.989,0.281,11.317
TMF-298,Ont,227,,,2017-07-24,8,,2348.681,4,1.143,7.172,1.112,5.052,0.226,4.348,8.711,5.26,0.082,18.182,250.844,5.579,0.312,13.015
TMF-299,Ont,227,,,2017-07-26,0,,106.455,1.837,0.155,8.21,1.051,6.291,0.324,5.457,40.775,2.355,0.027,36.012,4.32,5.573,0.176,9.763
TMF-300,Ont,227,,,2017-07-26,8,,2591.821,3.788,1.181,3.054,1.162,5.06,0.196,12.383,8.087,4.751,0.073,7.243,263.047,5.131,0.318,10.8
TMF-301,Ont,227,,,2017-08-02,0,,68.318,1.152,0.126,5.364,1.528,5.131,1.284,5.463,3486.406,2.767,0.046,14.731,1.419,6.036,3.042,2.206
TMF-302,Ont,227,,,2017-08-02,8,,2804.69,2.04,1.766,2.31,2.127,5.93,1.493,0.955,5100.582,2.433,1.66,4.187,306.672,1.467,5.421,1.305
TMF-303,Ont,227,,,2017-08-08,0,,65.222,2.523,0.111,7.478,1.162,6.355,0.322,1.08,9.259,1.819,0.443,12.277,2.183,5.139,0.132,6.625
TMF-304,Ont,227,,,2017-08-08,1,,34.502,1.339,0.133,7.307,1.711,2.158,2.106,3.766,3251.292,2.654,0.201,3.844,1.82,3.851,3.075,1.485
TMF-305,Ont,227,,,2017-08-08,3,,174.012,1.516,0.092,4.487,1.34,8.862,0.745,3.001,2690.62,2.865,0.127,5.37,3.864,3.05,2.711,6.462
TMF-306,Ont,227,,,2017-08-08,4,,219.612,5.166,0.694,3.808,1.134,8.022,0.423,4.309,40.21,4.121,0.122,5.245,135.654,4.227,0.072,10.613
TMF-307,Ont,227,,,2017-08-08,6,,986.459,0.93,0.783,5.378,1.124,7.206,0.75,5.722,2794.66,1.468,0.122,2.329,153.455,6.387,3.104,3.575
TMF-308,Ont,227,,,2017-08-08,8,,2743.093,2.378,1.267,5.13,1.276,7.256,0.673,3.476,2417.235,2.416,0.137,8.085,274.838,3.707,3.189,4.892
TMF-309,Ont,227,,,2017-08-08,10,,12663.517,3.103,4.139,5.915,2.621,2.501,2.852,3.343,4852.359,3.416,0.178,7.744,956.623,6.732,5.118,5.26
TMF-310,Ont,227,,,2017-08-15,0,,4168.002,3.243,2.12,5.27,1.801,5.721,1.19,1.903,6279.901,3.065,0.143,11.799,458.653,5.705,6.365,3.178
TMF-311,Ont,227,,,2017-08-15,8,,32.308,3.754,0.163,0.577,2.223,4.959,3.021,2.639,3184.122,2.52,0.065,23.208,4.447,2.883,3.072,5.99
TMF-315,Ont,227,,,2017-08-21,0,,73.102,2.311,0.187,5.735,1.27,9.358,1.407,3.811,7604.723,1.746,0.069,11.467,2.557,3.749,5.572,2.28
TMF-312,Ont,227,,,2017-08-21,epi,,73.397,6.038,0.151,8.292,1.066,6.84,0.424,7.656,648.219,4.963,0.062,23.131,2.318,5.305,1.053,9.944
TMF-314,Ont,227,,,2017-08-21,hypo,,3769.417,3.346,1.812,0.792,1.785,5.49,1.714,1.017,8051.27,3.054,0.109,12.812,391.415,2.125,7.869,5.264
TMF-313,Ont,227,,,2017-08-21,meta,,148.721,9.042,0.092,7.565,1.149,8.696,0.694,3.962,3879.538,9.532,0.011,63.008,0.951,4.611,4.762,8.245
TMF-316,Ont,227,,,2017-08-23,0,,78.123,1.362,0.158,5.018,1.456,14.454,0.637,2.421,1309.408,1.271,0.068,15.574,2.256,2.855,1.409,3.813
TMF-317,Ont,227,,,2017-08-23,8,,4195.633,5.882,1.762,2.534,1.292,10.959,0.247,4.894,264.838,6.52,0.117,2.346,408.697,3.957,0.626,4.397
TMF-318,Ont,227,,,2017-08-30,0,,77.98,2.416,0.159,5.947,1.447,7.987,0.727,0.508,2803.859,2.249,0.06,20.053,2.56,4.893,3.006,0.354
TMF-319,Ont,227,,,2017-08-30,8,,4084.026,4.934,1.692,4.347,1.37,7.144,0.24,5.472,101.53,5.487,0.123,12.107,390.877,3.932,0.717,6.674
TMF-320,Ont,227,,,2017-09-06,0,,91.553,5.549,0.121,3.037,1.211,9.839,0.365,2.576,15.196,3.008,0.072,7.256,2.115,4.011,0.129,9.423
TMF-321,Ont,227,,,2017-09-06,8,,4431.903,3.765,1.797,3.744,1.372,7.07,0.49,5.719,14.936,2.699,0.13,4.321,403.219,4.188,0.494,11.101
TMF-322,Ont,227,,,2017-09-10,0,,85.868,2.255,0.13,6.455,1.238,13.815,0.281,3.165,1.656,1.47,0.07,11.26,1.896,2.446,0.145,20.805
TMF-323,Ont,227,,,2017-09-10,1,,91.004,1.688,0.142,7.728,1.241,8.224,0.372,1.444,6.315,6.227,0.074,6.657,2.097,2.959,0.126,15.354
TMF-324,Ont,227,,,2017-09-10,3,,99.012,7.282,0.134,10.047,1.146,11.349,0.381,4.712,37.672,8.12,0.058,17.365,3.943,5.129,0.103,15.985
TMF-325,Ont,227,,,2017-09-10,4,,570.651,2.362,1.124,3.91,1.522,7.479,0.146,10.958,126.6,2.785,0.102,3.853,255.302,2.831,0.135,5.698
TMF-326,Ont,227,,,2017-09-10,5,,972.486,2.972,0.83,5.286,0.909,8.281,0.317,1.708,5.611,5.653,0.112,5.834,161.985,4.891,0.156,13.664
TMF-327,Ont,227,,,2017-09-10,6,,1002,5.446,0.741,6.119,1.381,4.296,0.13,3.796,4.162,6.101,1.643,6.924,158.876,5.769,0.161,2.64
TMF-328,Ont,227,,,2017-09-10,8,,5324.129,1.285,1.872,5.928,1.368,9.152,0.149,5.592,9.944,2.169,0.502,8.999,430.954,5.708,0.517,2.132
TMF-329,Ont,227,,,2017-09-10,10,,10360.432,4.038,3.25,3.397,1.372,10.723,0.25,5.879,19.391,5.31,0.362,5.432,787.696,2.657,0.892,12.31
TMF-1,Ont,239,central stn,,2017-06-14,epi,,13.356,1.722,0.035,3.593,0.432,3.036,12.346,2.657,16.1,1.809,2.25,37.143,0.376,0.672,0.122,6.901
TMF-2,Ont,239,central stn,,2017-06-30,1,,15.896,0.767,0.028,1.358,0.487,1.091,0.588,0.468,465.1,1.104,0.853,8.823,7.308,2.013,0.596,1.879
TMF-266,Ont,239,,,2017-08-02,int epi,,14.806,3.487,0.041,12.884,1.464,7.416,11.369,4.036,3286.408,3.24,0.115,15.897,0.548,2.399,2.902,4.415
TMF-267,Ont,239,,,2017-09-09,1,,9.113,1.601,0.008,44.481,0.883,4.394,0.558,4.63,13.915,2.184,0.12,6.512,0.378,3.849,0.057,16.701
TMF-268,Ont,239,,,2017-09-09,10,,22.208,0.732,0.015,20.616,1.218,6.24,0.67,4.415,24.14,0.853,0.086,15.623,1.678,3.201,0.039,28.452
TMF-269,Ont,239,,,2017-09-09,20,,33.351,7.491,0.011,9.408,1.048,6.369,0.45,2.428,85.073,4.464,0.097,1.045,1.427,2.478,0.045,21.923
TMF-270,Ont,239,,,2017-09-09,30,,328.442,3.242,0.111,1.236,1.084,9.115,0.55,1.04,53.28,3.145,0.111,10.246,107.152,4.379,0.14,8.578
TMF-271,Ont,304,,,2017-09-12,1,,46.386,1.377,0.007,18.878,0.873,9.462,0.258,2.898,7.785,2.944,0.002,116.684,0.689,6.412,0.04,20.127
TMF-272,Ont,304,,,2017-09-12,5,,816.661,2.126,0.507,7.273,0.953,4.576,0.141,9.53,101.597,3.293,0.01,17.672,354.81,6.417,0.053,16.987
TMF-273,Ont,304,,,2017-09-12,6,,9623.795,3.474,0.647,3.987,1.075,12.425,0.239,3.643,17.037,2.287,0.013,21.989,486.623,5.31,0.575,6.253
TMF-274,Ont,373,,,2017-09-12,1,,1.976,4.708,0.006,43.572,0.99,12.963,0.264,6.816,2.651,8.774,0.172,9.22,0.723,4.605,0.041,13.369
TMF-275,Ont,373,,,2017-09-12,20,,5615.712,2.675,0.57,6.712,1.059,4.403,0.208,6.965,56.753,1.631,0.633,8.141,2466.671,4.884,0.244,8.738
TMF-357,Ont,442,,,2017-05-29,0,,28.648,6.19,0.113,2.788,3.672,3.641,0.711,2.067,85.112,6.308,0.302,4.008,15.591,5.388,0.721,7.327
TMF-358,Ont,442,,,2017-05-29,5,,39.689,7.446,0.052,5.702,3.167,9.918,1.214,9.928,1214.541,6.333,0.125,9.44,13.938,9.805,2.172,6.025
TMF-359,Ont,442,,,2017-05-29,9,,44.148,2.78,0.053,2.669,2.988,6.056,0.929,3.218,1277.734,2.008,0.11,6.674,23.49,4.611,2.386,3.329
TMF-360,Ont,442,,,2017-05-29,13,,62.124,1.495,0.036,12.911,1.202,4.834,0.623,1.431,123.266,2.752,0.077,2.077,27.703,5.927,0.735,3.84
TMF-361,Ont,442,,,2017-05-29,15,,91.874,2.602,0.141,5.968,1.52,2.308,0.672,5.998,887.148,2.707,0.08,10.637,314.852,6.765,2.254,1.811
TMF-362,Ont,442,,,2017-05-29,17,,20598.325,0.25,2.281,5.082,1.391,2.457,0.673,6.366,1634.451,1.399,0.385,3.705,4176.215,4.026,3.186,1.762
TMF-363,Ont,442,,,2017-06-12,epi,,42.815,9.743,0.037,20.5,0.785,2.279,0.768,1.722,4.957,5.304,0.069,11.309,14.779,20.515,0.062,21.219
TMF-365,Ont,442,,,2017-06-12,hypo,,52.407,1.881,0.046,8.328,1.976,6.569,0.825,4.839,20.011,3.224,0.042,16.891,33.802,5.732,0.099,7.712
TMF-364,Ont,442,,,2017-06-12,meta,,16.716,6.099,0.034,6.1,0.748,5.236,0.616,8.494,9.152,7.208,0.04,7.051,0.868,1.861,0.059,10.86
TMF-3,Ont,442,central stn,,2017-06-26,0,,11.374,1.561,0.02,2.828,0.701,1.968,0.497,1.992,5.4,1.233,0.441,3.002,0.964,1.775,0.062,3.831
TMF-4,Ont,442,central stn,,2017-06-26,5,,15.971,2.164,0.023,5.42,0.767,5.281,0.579,3.878,7.0,2.046,0.328,0.735,0.398,5.425,0.049,8.911
TMF-5,Ont,442,central stn,,2017-06-26,9,,25.718,0.546,0.032,5.793,0.835,5.665,0.621,3.986,88.1,1.269,0.225,4.464,2.561,5.31,0.474,1.841
TMF-6,Ont,442,central stn,,2017-06-26,13,,46.589,2.028,0.036,4.526,0.801,1.202,0.513,2.844,24.7,1.74,0.175,1.511,83.338,3.524,0.058,12.612
TMF-7,Ont,442,central stn,,2017-06-26,15,,79.929,0.103,0.262,1.104,1.005,1.564,0.616,1.289,310.9,2.551,0.154,6.848,539.878,0.745,0.075,2.773
TMF-8,Ont,442,central stn,,2017-06-26,17,,2081.023,1.453,0.879,4.339,1.074,4.335,0.415,2.924,1131.7,1.378,0.169,5.816,1325.269,2.889,0.368,4.696
TMF-9,Ont,442,central stn,,2017-07-11,1,,8.265,1.447,0.016,3.3,0.63,2.473,0.644,0.281,5.6,0.702,0.09,3.345,0.472,1.428,0.087,7.09
TMF-10,Ont,442,central stn,,2017-07-11,5,,11.546,3.469,0.018,7.946,0.631,3.164,0.477,3.458,6.0,1.945,0.068,10.867,0.263,3.161,0.091,10.16
TMF-11,Ont,442,central stn,,2017-07-11,9,,17.803,1.541,0.022,3.073,0.777,0.295,0.589,0.265,11.6,1.616,0.058,12.777,0.871,1.65,0.085,4.463
TMF-12,Ont,442,central stn,,2017-07-11,13,,42.069,0.884,0.08,1.581,1.045,2.34,1.119,1.334,18.8,1.159,0.066,23.972,218.777,2.785,0.059,4.344
TMF-13,Ont,442,central stn,,2017-07-11,15,,69.586,0.639,0.28,1.476,0.942,1.376,0.543,1.46,30.2,0.864,0.062,4.41,534.301,1.259,0.094,4.119
TMF-14,Ont,442,central stn,,2017-07-11,17,,4705.343,3.155,0.888,1.448,1.053,0.784,0.434,2.355,181.6,2.328,0.136,3.886,1326.663,2.152,0.304,0.269
TMF-276,Ont,442,,,2017-07-31,0,,13.947,2.011,0.012,25.562,1.52,5.868,0.599,2.845,3.364,2.735,0.037,10.252,0.643,5.257,0.072,26.816
TMF-277,Ont,442,,,2017-07-31,5,,9.65,1.782,0.062,4.718,1.937,2.911,5.616,4.423,1769.91,1.832,1.372,11.947,0.539,3.442,1.592,1.752
TMF-278,Ont,442,,,2017-07-31,9,,16.893,8.086,0.048,16.844,2.18,8.472,1.648,7.23,4798.265,8.258,0.435,12.603,8.707,7.923,2.551,8.984
TMF-279,Ont,442,,,2017-07-31,13,,27.42,4.626,0.138,4.715,2.13,0.283,1.259,2.259,2258.241,3.643,0.218,16.226,333.571,3.813,2.698,1.872
TMF-280,Ont,442,,,2017-07-31,15,,1105.423,1.923,0.591,5.972,2.39,1.702,1.05,3.202,3416.217,1.617,0.131,23.986,820.062,4.255,2.549,3.493
TMF-281,Ont,442,,,2017-07-31,17,,12100.47,3.947,1.178,2.387,2.562,1.539,3.147,4.634,4026.143,3.066,0.195,6.397,1761.981,3.428,4.454,4.697
TMF-282,Ont,442,,,2017-08-14,epi,,21.999,25.217,0.017,23.597,1.549,5.123,0.715,2.248,53.641,28.284,0.08,1.934,0.542,2.961,0.991,26.152
TMF-284,Ont,442,,,2017-08-14,hypo,,54.481,2.532,0.255,5.286,1.747,5.095,0.473,4.857,6.031,3.701,0.058,11.462,406.693,4.742,0.063,11.202
TMF-283,Ont,442,,,2017-08-14,meta,,7.928,5.124,0.016,3.68,1.675,4.431,0.535,7.68,29.373,4.209,0.059,31.971,0.439,6.56,0.59,7.765
TMF-285,Ont,442,,,2017-08-28,0,,7.251,1.879,0.011,31.568,1.597,2.917,0.953,2.308,5.266,3.187,0.058,22.563,0.255,0.357,0.048,11.024
TMF-286,Ont,442,,,2017-08-28,5,,10.903,5.049,0.014,22.483,1.562,6.763,0.514,2.631,128.805,5.774,0.044,11.956,0.488,5.655,0.435,7.296
TMF-287,Ont,442,,,2017-08-28,9,Typed label had 9 m,12.927,4.547,0.018,7.946,1.583,5.623,0.447,4.671,451.35,4.834,0.019,26.753,4.222,4.323,0.564,2.658
TMF-288,Ont,442,,,2017-08-28,13,Hand written label had 19 m but may be 13 m (total was sampled at 13 m),149.314,4.675,0.368,2.682,1.629,2.571,1.079,3.922,94.666,3.791,0.033,28.998,509.606,5.401,0.408,1.097
TMF-289,Ont,442,,,2017-08-28,15,,4277.249,3.701,0.809,2.801,1.801,3.859,0.305,1.818,50.765,4.071,0.075,11.556,1023.575,3.96,0.456,6.24
TMF-290,Ont,442,,,2017-08-28,17,,10757.934,1.954,1.19,2.483,1.843,6.853,0.445,1.174,871.897,1.209,0.105,2.112,1666.666,1.572,1.746,8.605
TMF-123,Ont,Big Rideau,,,2017-08-14,,,9.51,3.47,0.12,5.66,3.18,3.76,2.05,0.83,252.62,2.81,16.24,2.66,1.24,2.98,0.68,3.28
TMF-376,Ont,Blue Chalk,,,2017-07-14,epi,0-6,12.237,6.577,0.017,28.923,0.106,8.945,0.527,4.499,2.707,9.242,7.683,16.659,2.66,17.153,0.033,19.002
TMF-377,Ont,Blue Chalk,,,2017-07-14,hypo,10-20,36.09,1.953,0.598,15.241,0.541,14.52,0.691,3.173,2.617,1.626,9.66,15.419,30.15,8.024,0.163,11.898
TMF-378,Ont,Blue Chalk,,,2017-08-09,epi,0-6,3.993,0.597,0.036,14.802,0.239,0.855,0.452,8.72,6.14,2.92,7.53,18.184,0.621,5.814,0.074,3.394
TMF-379,Ont,Blue Chalk,,,2017-08-09,hypo,10-22,42.227,0.66,0.057,10.882,0.158,8.215,0.418,6.763,9.381,1.851,5.307,18.952,45.253,7.298,0.035,9.291
TMF-380,Ont,Blue Chalk,,,2017-09-22,epi,0-8,3.702,1.936,0.031,5.657,0.159,4.024,0.598,8.292,14.006,2.658,6.913,22.751,0.734,3.49,0.057,5.635
TMF-381,Ont,Blue Chalk,,,2017-09-22,hypo,12-22,194.385,1.478,0.12,11.609,0.462,14.607,1.071,13.728,102.828,0.841,7.227,24.626,145.513,16.071,0.089,6.538
TMF-79,Ont,Conestogo,Center,,2017-06-21,2,,17.768,2.327,0.25,0.552,3.927,1.157,1.79,0.494,13.0,0.929,0.319,0.139,3.314,0.776,0.786,1.839
TMF-80,Ont,Conestogo,Center,,2017-06-21,7,,15.464,0.767,0.244,3.075,3.508,4.436,1.699,3.77,14.3,0.309,0.338,3.241,3.302,5.456,0.745,3.122
TMF-81,Ont,Conestogo,Center,,2017-06-21,17,,10.838,2.43,0.229,6.04,2.688,2.734,1.667,2.8,53.2,1.063,1.756,8.633,2.939,2.202,1.079,0.216
TMF-82,Ont,Conestogo,East,,2017-07-05,2,,20.313,2.384,0.228,1.088,3.172,2.684,2.388,1.621,12.2,0.859,0.772,1.416,1.384,1.868,1.179,0.538
TMF-84,Ont,Conestogo,Center,,2017-07-05,2,,25.623,0.214,0.203,0.864,2.983,3.585,2.025,1.489,34.7,0.697,0.482,2.753,1.395,1.383,1.07,1.859
TMF-85,Ont,Conestogo,Center,,2017-07-05,7,,27.929,8.889,0.197,1.227,2.981,1.679,2.438,2.218,72.5,0.884,0.436,0.915,1.11,1.74,1.074,2.4
TMF-83,Ont,Conestogo,East,,2017-07-05,8,,32.882,2.333,0.35,4.633,4.767,4.893,1.782,3.425,52.3,1.5,0.647,2.095,23.801,4.169,1.46,1.397
TMF-86,Ont,Conestogo,Center,,2017-07-05,17,,29.359,1.107,0.299,2.084,3.307,2.072,1.799,2.144,124.7,1.631,0.477,3.349,158.885,3.009,1.731,1.578
TMF-87,Ont,Conestogo,East,,2017-07-11,2,,18.344,5.516,0.181,29.53,2.025,31.398,1.595,29.754,12.8,4.829,0.334,35.789,2.265,30.73,1.405,3.485
TMF-89,Ont,Conestogo,West ,,2017-07-11,2,,15.258,0.743,0.226,2.435,2.879,1.999,2.167,0.33,8.6,0.697,0.401,3.175,1.105,0.756,1.161,0.193
TMF-90,Ont,Conestogo,West,,2017-07-11,7,,24.818,3.384,0.2,6.107,3.239,6.387,2.446,2.87,40.4,1.589,0.387,2.359,0.926,3.974,1.136,2.719
TMF-88,Ont,Conestogo,East,,2017-07-11,8,,28.654,4.088,0.255,1.484,3.252,2.054,2.056,2.021,67.8,4.399,0.423,2.076,37.593,5.029,1.392,1.255
TMF-91,Ont,Conestogo,West,,2017-07-11,10,,30.037,1.96,0.196,5.464,2.681,5.604,2.37,3.031,78.9,1.947,0.387,5.867,6.341,3.941,1.237,1.604
TMF-92,Ont,Conestogo,Center,,2017-07-14,2,,22.912,27.722,0.248,4.302,4.201,2.326,2.032,0.81,16.2,25.03,0.389,0.875,1.275,2.226,0.943,26.496
TMF-93,Ont,Conestogo,Center,,2017-07-14,7,,22.592,4.244,0.221,4.081,3.521,4.461,2.115,3.866,20.0,0.382,0.374,6.052,1.101,3.621,1.069,1.285
TMF-94,Ont,Conestogo,Center,,2017-07-14,16,,25.724,2.912,0.2,0.684,2.695,0.964,2.578,2.16,1123.5,2.521,0.38,1.773,21.977,1.137,2.574,2.258
TMF-95,Ont,Conestogo,Center,,2017-07-18,2,,25.957,1.467,0.226,6.145,2.995,6.041,1.996,4.156,107.7,0.895,0.433,6.384,29.356,5.778,1.395,1.654
TMF-96,Ont,Conestogo,Center,,2017-07-18,7,,20.953,3.469,0.212,3.754,3.061,1.772,1.923,1.794,54.3,2.731,0.363,3.135,1.044,3.038,1.193,0.968
TMF-97,Ont,Conestogo,Center,,2017-07-18,16,,11.158,0.434,0.234,11.168,2.825,12.232,2.398,8.962,186.5,0.792,0.419,12.139,2.193,9.469,2.153,2.683
TMF-98,Ont,Conestogo,East,,2017-07-19,2,,15.878,0.674,0.224,1.569,3.245,4.176,1.969,1.675,6.4,1.067,0.368,1.152,3.465,2.22,1.186,3.133
TMF-100,Ont,Conestogo,West ,,2017-07-19,2,,15.614,2.373,0.206,4.239,2.93,2.227,1.764,3.07,7.9,1.309,0.34,4.708,1.191,1.997,1.112,1.381
TMF-101,Ont,Conestogo,West,,2017-07-19,7,,22.857,0.26,0.213,1.993,2.883,5.124,1.656,4.333,49.6,2.789,1.435,4.074,1.046,3.77,1.231,0.467
TMF-99,Ont,Conestogo,East,,2017-07-19,8,,26.384,2.106,0.318,4.043,3.852,3.501,1.68,3.51,78.7,1.761,0.429,2.21,112.653,4.144,1.467,2.849
TMF-102,Ont,Conestogo,West,,2017-07-19,10,,21.884,4.41,0.182,4.024,2.541,3.953,1.667,4.064,121.1,0.464,0.745,5.168,8.045,3.829,1.289,1.945
TMF-103,Ont,Conestogo,East,,2017-07-25,2,,15.109,1.87,0.22,1.565,2.371,1.943,1.739,0.527,14.2,0.468,0.577,4.004,1.511,2.106,1.425,1.261
TMF-105,Ont,Conestogo,Center,,2017-07-25,2,,18.076,2.504,0.183,26.294,2.649,29.183,1.487,25.516,4.8,2.413,0.377,32.434,0.788,26.112,1.315,2.69
TMF-108,Ont,Conestogo,West ,,2017-07-25,2,,17.054,0.685,0.221,3.519,3.292,3.366,2.067,0.544,11.5,0.64,0.806,2.264,1.062,1.724,1.199,1.614
TMF-106,Ont,Conestogo,Center,,2017-07-25,7,,14.7,1.975,0.227,1.849,3.415,3.21,2.263,2.084,8.8,0.499,0.413,1.877,0.957,2.533,1.196,0.325
TMF-109,Ont,Conestogo,West,,2017-07-25,7,,14.729,4.262,0.195,4.164,2.716,3.866,1.536,2.302,10.3,0.257,0.339,4.368,0.866,2.984,1.178,2.512
TMF-104,Ont,Conestogo,East,,2017-07-25,8,,48.339,0.469,0.278,4.424,3.742,5.366,2.068,3.373,42.1,1.155,0.624,5.237,23.4,2.301,1.373,0.617
TMF-110,Ont,Conestogo,West,,2017-07-25,10,,28.431,4.093,0.229,1.772,3.622,2.353,1.675,1.166,128.6,1.871,0.392,2.259,24.077,2.21,1.32,2.758
TMF-107,Ont,Conestogo,Center,,2017-07-25,16,,28.725,0.473,0.25,2.462,4.305,1.928,2.098,0.305,167.4,0.794,0.432,2.692,42.495,0.371,1.274,1.693
TMF-116,Ont,Conestogo,Center,,2017-08-01,2,,10.702,4.929,0.234,2.788,3.151,1.904,2.023,1.678,10.3,2.382,0.384,1.365,0.785,1.565,1.219,3.315
TMF-117,Ont,Conestogo,Center,,2017-08-01,7,,17.13,7.25,0.212,5.18,2.75,2.736,2.08,3.495,65.8,1.364,0.378,2.698,0.706,3.188,1.493,2.165
TMF-118,Ont,Conestogo,Center,,2017-08-01,16,,20.343,3.029,0.26,6.469,3.465,4.903,1.866,3.949,2646.8,1.069,0.414,3.2,25.644,7.105,3.435,2.392
TMF-227,Ont,Conestogo,East,,2017-08-10,2,,9.518,4.323,0.247,4.513,6.67,2.133,1.953,2.975,23.313,5.082,1.482,5.807,1.329,3.244,1.098,6.982
TMF-229,Ont,Conestogo,Center,,2017-08-10,2,,5.007,2.844,0.18,9.795,2.116,1.81,1.62,3.683,3.982,6.385,0.612,4.933,1.016,4.534,1.383,5.656
TMF-232,Ont,Conestogo,West,,2017-08-10,2,Vial leaked: 2.3 mL DI added to 2.3 mL sample. These results were multiplied by 2.,9.294,5.204,0.32,4.572,4.094,7.966,3.078,9.424,21.06,6.108,0.858,16.774,1.134,12.164,2.376,6.07
TMF-228,Ont,Conestogo,East,,2017-08-10,6.5,,16.059,4.497,0.236,6.219,4.917,0.312,1.743,2.867,83.471,2.844,0.768,9.281,12.648,3.24,1.381,5.433
TMF-230,Ont,Conestogo,Center,,2017-08-10,7,,7.624,0.85,0.199,6.543,3.308,2.78,2.356,1.489,44.998,1.483,0.598,5.069,0.819,1.809,1.211,2.629
TMF-233,Ont,Conestogo,West,,2017-08-10,7,,1433.122,2.127,1.912,1.644,40.631,1.776,28.53,2.196,350.956,2.446,12.086,1.906,80.731,2.843,2.563,4.839
TMF-234,Ont,Conestogo,West,,2017-08-10,9,,9.33,4.766,0.166,5.465,1.963,2.345,1.397,1.087,86.87,4.522,0.448,7.854,7.481,3.79,1.214,4.043
TMF-231,Ont,Conestogo,Center,,2017-08-10,15,,6.96,4.989,0.182,2.989,1.935,2.185,1.059,3.162,108.343,4.654,0.387,6.708,118.83,5.824,0.997,3.926
TMF-235,Ont,Conestogo,East,,2017-08-17,2,,5.831,9.481,0.17,1.655,1.806,5.146,1.553,3.763,5.958,3.101,0.393,6.431,1.029,5.067,1.39,3.604
TMF-237,Ont,Conestogo,Center,,2017-08-17,2,,5.881,3.096,0.159,1.837,2.005,1.729,2.09,5.123,35.023,4.829,0.37,8.149,0.781,2.52,1.191,2.891
TMF-240,Ont,Conestogo,West,,2017-08-17,2,,5.287,4.9,0.177,48.262,2.233,29.277,1.847,38.548,8.512,4.198,0.404,45.295,0.689,41.965,1.659,4.081
TMF-236,Ont,Conestogo,East,,2017-08-17,6.5,,10.919,4.455,0.192,3.917,2.099,2.314,1.302,3.042,113.626,4.93,0.393,3.353,39.677,4.008,1.061,1.607
TMF-238,Ont,Conestogo,Center,,2017-08-17,7,,6.398,22.28,0.171,5.513,1.988,1.358,1.832,5.881,60.073,19.559,0.372,1.763,0.658,5.772,1.032,16.114
TMF-241,Ont,Conestogo,West,,2017-08-17,7,,4.117,4.77,0.155,7.645,1.903,1.321,1.585,4.194,7.586,6.917,0.326,6.691,0.725,5.74,1.194,5.454
TMF-242,Ont,Conestogo,West,,2017-08-17,8.5,,9.832,7.383,0.165,6.866,1.961,2.855,1.418,2.189,57.993,7.42,0.336,10.715,6.602,4.755,1.202,1.086
TMF-239,Ont,Conestogo,Center,,2017-08-17,14.6,,5.247,4.001,0.172,5.321,1.865,3.418,1.143,2.695,100.282,3.326,0.339,4.443,69.533,2.257,0.847,5.174
TMF-121,Ont,Constance,,,2017-05-25,,,45.51,2.34,0.11,1.69,1.88,9.05,1.32,4.64,1233.67,2.98,116.29,1.27,5.12,2.75,1.79,2.45
TMF-58,Ont,Hamilton Harbour,1001,,2017-05-23,0-20,,10.103,5.606,0.188,35.36,3.634,36.383,2.625,35.359,685.3,2.675,5.426,35.845,3.161,34.28,1.571,1.085
TMF-60,Ont,Hamilton Harbour,1001,,2017-05-31,19,,6.169,2.967,0.206,1.282,4.649,2.745,3.617,1.53,1257.0,0.993,6.407,1.879,10.701,2.09,3.245,1.867
TMF-59,Ont,Hamilton Harbour,1001,,2017-05-31,0-20,,10.29,4.486,0.237,12.009,4.309,9.917,3.539,7.25,104.1,2.159,7.381,9.348,4.138,8.409,0.829,3.559
TMF-61,Ont,Hamilton Harbour,1001,,2017-06-08,0-20,,7.114,1.762,0.242,4.532,3.993,5.018,3.202,1.347,180.2,2.301,8.11,0.787,2.579,2.577,1.049,1.685
TMF-63,Ont,Hamilton Harbour,1001,,2017-06-14,19,,3.729,1.821,0.181,5.429,3.372,4.377,2.684,5.692,459.5,1.412,5.598,4.693,34.47,4.464,1.392,1.609
TMF-62,Ont,Hamilton Harbour,1001,,2017-06-14,0-20,,8.67,1.558,0.225,2.625,4.172,2.384,3.18,0.909,1642.0,1.597,7.359,1.034,0.823,0.387,1.931,1.733
TMF-64,Ont,Hamilton Harbour,1001,,2017-06-21,0-20,,5.632,1.078,0.186,1.392,3.373,2.641,2.932,1.113,30.0,1.273,6.381,1.984,1.607,0.924,0.827,2.028
TMF-66,Ont,Hamilton Harbour,1001,,2017-06-28,19,,4.684,0.499,0.146,1.999,2.756,2.952,2.29,1.395,166.0,3.211,4.393,3.096,11.536,1.064,0.699,2.576
TMF-65,Ont,Hamilton Harbour,1001,,2017-06-28,0-20,,8.991,3.174,0.208,1.795,3.405,2.164,3.597,1.29,229.5,0.107,6.227,1.996,3.511,2.531,0.9,2.044
TMF-68,Ont,Hamilton Harbour,1001,,2017-07-05,19,,8.829,2.66,0.182,6.468,2.867,2.902,2.368,6.245,648.8,1.44,3.971,4.195,37.871,5.441,0.884,3.388
TMF-67,Ont,Hamilton Harbour,1001,,2017-07-05,0-8,,9.212,1.848,0.191,1.766,3.44,1.298,3.359,2.614,70.8,2.543,6.095,2.085,2.878,3.652,0.925,2.05
TMF-70,Ont,Hamilton Harbour,1001,,2017-07-11,19,,4.912,2.274,0.12,29.484,2.451,28.341,1.585,26.412,24.4,2.656,3.315,28.507,25.58,28.735,0.578,3.383
TMF-69,Ont,Hamilton Harbour,1001,,2017-07-11,0-4,,10.298,1.258,0.192,6.498,3.451,2.669,3.023,3.862,43.6,2.253,6.018,3.915,1.851,6.246,0.852,4.483
TMF-72,Ont,Hamilton Harbour,1001,,2017-07-19,19,,8.8,3.96,0.13,2.691,2.765,6.549,1.826,0.25,31.4,0.468,3.501,0.701,97.818,1.699,0.558,3.206
TMF-71,Ont,Hamilton Harbour,1001,,2017-07-19,0-5,,8.612,1.787,0.175,4.557,2.993,1.365,2.503,4.169,265.9,3.162,5.043,2.051,0.596,1.719,0.924,1.537
TMF-331,Ont,Hamilton Harbour,1001,,2017-08-01,19,,3.907,2.132,0.105,5.668,2.697,2.715,1.537,3.875,116.85,2.053,3.452,4.658,28.446,5.333,0.454,6.725
TMF-330,Ont,Hamilton Harbour,1001,,2017-08-01,int ,,6.446,0.94,0.16,4.763,2.788,4.144,2.498,4.918,39.452,0.853,6.727,5.765,0.654,3.319,0.723,1.838
TMF-333,Ont,Hamilton Harbour,1001,,2017-08-10,19,,7.759,2.421,0.158,6.749,3.158,3.967,1.941,3.216,1489.895,2.959,3.464,3.906,335.088,5.018,1.813,5.356
TMF-332,Ont,Hamilton Harbour,1001,,2017-08-10,0-20,,4.731,2.176,0.158,1.622,3.898,3.963,2.841,2.729,1701.519,0.462,6.56,2.837,1.124,1.79,2.246,2.42
TMF-335,Ont,Hamilton Harbour,1001,,2017-08-15,19,,3.948,2.478,0.11,3.615,2.971,0.465,1.818,3.283,1636.783,3.041,3.003,3.767,177.148,4.093,1.678,9.169
TMF-334,Ont,Hamilton Harbour,1001,,2017-08-15,int,,6.328,3.09,0.128,6.097,3.333,2.405,2.563,5.656,1335.095,3.263,5.7,5.797,2.317,5.955,2.251,3.251
TMF-337,Ont,Hamilton Harbour,1001,,2017-08-24,19,,2.566,4.454,0.086,5.045,2.772,1.383,1.855,6.397,1982.584,4.422,2.971,8.013,56.246,6.964,1.775,4.941
TMF-336,Ont,Hamilton Harbour,1001,,2017-08-24,0-20,,4.568,5.767,0.119,3.806,3.636,0.715,2.899,2.791,1381.614,5.888,4.924,4.498,0.937,2.329,2.148,4.942
TMF-339,Ont,Hamilton Harbour,1001,,2017-09-28,19,,23.622,2.895,0.192,5.094,4.106,0.675,2.921,5.204,1612.455,2.942,4.044,3.115,476.7,3.426,2.572,2.713
TMF-338,Ont,Hamilton Harbour,1001,,2017-09-28,0-20,,6.961,3.337,0.126,6.369,3.303,2.323,2.749,5.654,2223.168,2.273,5.13,4.142,2.267,6.572,2.525,4.559
TMF-341,Ont,Hamilton Harbour,1001,,2017-10-05,19,,22.908,0.61,0.217,2.833,3.426,2.165,2.34,2.035,3930.989,1.226,4.244,3.192,505.019,3.029,3.78,2.1
TMF-340,Ont,Hamilton Harbour,1001,,2017-10-05,int,,8.29,2.092,0.146,8.299,3.213,2.41,2.478,6.961,2630.784,1.701,5.276,4.701,3.183,4.9,2.898,3.002
TMF-343,Ont,Hamilton Harbour,1001,,2017-10-10,19,,10.732,1.477,0.125,8.181,2.567,3.99,2.05,7.432,3026.486,1.431,3.863,7.774,307.741,10.06,3.025,1.704
TMF-342,Ont,Hamilton Harbour,1001,,2017-10-10,0-20,,7.144,3.791,0.131,10.103,3.681,3.215,3.439,2.14,4866.672,3.239,5.403,3.599,1.896,3.583,4.158,2.993
TMF-345,Ont,Hamilton Harbour,1001,,2017-10-26,19,,6.71,4.33,0.124,1.866,3.517,1.488,2.687,4.394,2281.528,4.729,5.825,2.803,1.981,3.495,2.571,4.985
TMF-344,Ont,Hamilton Harbour,1001,,2017-10-26,0-20,,5.985,7.011,0.121,8.527,3.334,4.319,2.28,0.506,2018.408,6.784,5.829,0.81,1.217,3.273,2.181,7.023
TMF-346,Ont,Hamilton Harbour,1001,,2017-11-01,int,,3.517,2.58,0.1,3.557,2.636,1.275,6.623,3.475,119.828,1.61,5.364,6.261,0.701,4.132,0.593,2.775
TMF-347,Ont,Hamilton Harbour,1001,,2017-11-08,int,,5.218,4.669,0.099,11.665,2.684,2.065,1.405,5.998,181.733,3.164,5.474,4.16,1.13,5.205,0.718,2.777
TMF-382,Ont,Harp,,,2017-05-26,epi,0-4,26.702,0.9,0.129,4.002,0.764,11.298,1.516,8.504,163.88,1.331,6.041,17.897,1.53,5.516,0.218,8.823
TMF-383,Ont,Harp,,,2017-05-26,hypo,6-35,59.419,7.009,0.034,3.492,0.457,6.055,0.992,2.046,70.499,4.417,4.906,15.612,3.368,4.348,0.181,19.22
TMF-384,Ont,Harp,,,2017-06-12,epi,0-4,16.45,3.531,0.033,19.977,0.527,2.871,1.056,5.946,29.651,4.381,5.312,18.45,0.381,3.998,0.21,19.813
TMF-385,Ont,Harp,,,2017-06-12,hypo,8-35,42.346,5.014,0.035,16.231,0.438,4.03,1.134,6.762,35.994,3.128,4.551,18.981,3.241,5.955,0.114,6.31
TMF-386,Ont,Harp,,,2017-06-28,epi,0-4,24.886,0.927,0.034,5.316,0.48,5.22,0.983,6.205,29.095,0.889,5.201,16.76,0.495,6.007,0.128,26.752
TMF-387,Ont,Harp,,,2017-06-28,hypo,8-35,32.499,3.139,0.045,7.863,0.547,5.523,1.331,6.995,80.45,4.351,4.433,20.996,3.292,6.455,0.093,12.427
TMF-388,Ont,Harp,,,2017-07-13,epi,0-4,18.76,1.996,0.03,12.949,0.482,4.408,1.135,5.694,25.902,3.529,4.159,20.441,0.596,5.893,0.168,23.579
TMF-389,Ont,Harp,,,2017-07-13,hypo,8-35,48.651,5.051,0.057,8.02,0.501,8.656,1.175,4.01,45.665,2.662,4.086,17.74,8.158,7.295,0.098,21.335
TMF-390,Ont,Harp,,,2017-08-02,epi,0-4,14.253,3.883,0.026,13.262,0.422,7.299,1.002,5.711,19.161,3.475,2.973,16.311,0.528,3.468,0.117,11.261
TMF-391,Ont,Harp,,,2017-08-02,hypo,8-35,30.193,1.246,0.046,7.274,0.43,6.139,1.141,6.261,32.606,2.184,2.485,19.597,3.496,6.426,0.097,3.94
TMF-392,Ont,Harp,,,2017-08-29,epi,0-4,43.405,2.08,0.049,6.912,0.479,10.959,1.011,7.837,27.819,2.079,2.304,18.736,2.631,7.734,0.216,4.859
TMF-393,Ont,Harp,,,2017-08-29,hypo,8-35,35.482,3.932,0.036,12.488,0.348,11.964,0.74,8.373,45.737,3.207,1.8,15.742,4.083,7.365,0.145,9.091
TMF-42,Ont,Lake of the Woods,310,,2017-06-07,1 (rep A),,12.081,1.886,0.038,4.186,1.021,1.805,1.854,2.633,376.7,2.047,0.427,5.741,0.583,3.705,0.635,1.411
TMF-43,Ont,Lake of the Woods,310,,2017-06-07,1 (rep B),,12.751,2.089,0.034,4.118,0.829,2.785,1.023,2.485,95.4,1.199,0.274,3.697,0.596,2.734,0.257,6.871
TMF-44,Ont,Lake of the Woods,710,,2017-06-08,7.5,,109.156,1.706,0.061,5.047,1.582,2.532,2.727,3.112,729.6,1.098,0.288,2.443,2.091,3.913,1.146,2.513
TMF-45,Ont,Lake of the Woods,520,,2017-06-09,1,,81.089,0.898,0.082,1.61,1.177,1.534,1.09,0.82,398.9,0.836,0.239,3.688,0.844,0.577,0.785,2.76
TMF-46,Ont,Lake of the Woods,610,,2017-06-09,1,,49.869,3.415,0.053,2.365,1.183,3.983,2.751,2.157,80.2,2.785,0.234,1.104,1.414,3.102,0.484,5.859
TMF-47,Ont,Lake of the Woods,130,,2017-06-11,1,,18.452,2.303,0.052,1.326,1.157,2.448,1.311,1.435,247.3,0.713,0.217,0.935,2.588,2.454,0.651,1.524
TMF-48,Ont,Lake of the Woods,130,,2017-06-11,7.5,,21.176,0.3,0.053,2.974,1.937,0.985,1.865,0.913,447.4,1.348,0.213,4.265,2.661,1.158,0.844,2.777
TMF-49,Ont,Lake of the Woods,530,,2017-06-12,1,,54.362,1.771,0.065,1.368,1.472,0.717,1.397,0.941,926.9,0.297,0.18,1.689,2.251,2.623,1.499,1.829
TMF-50,Ont,Lake of the Woods,160,,2017-06-13,4,,4.701,0.897,0.054,3.755,1.184,0.835,0.874,0.462,689.5,1.328,0.176,3.153,0.408,1.438,0.963,1.761
TMF-75,Ont,Lake St George ,west basin,,2017-08-08,8,,80.395,2.148,0.177,1.94,2.595,4.847,0.644,4.432,9.1,1.977,0.063,9.031,445.365,1.682,0.497,3.291
TMF-76,Ont,Lake St George ,west basin,,2017-08-08,10,,68.768,0.965,0.202,5.337,3.03,7.186,2.469,5.612,7.4,0.385,0.065,5.824,363.716,5.314,0.536,2.68
TMF-77,Ont,Lake St George ,west basin,,2017-08-08,12,,64.29,1.382,0.205,1.456,2.697,1.308,0.831,3.751,8.2,2.666,0.063,6.354,368.814,4.307,0.576,1.887
TMF-78,Ont,Lake St George ,west basin,,2017-08-08,13,,62.172,2.406,0.200,6.391,2.606,5.402,0.924,5.086,34.2,1.745,0.064,14.129,369.667,3.209,0.586,0.899
TMF-74,Ont,Lake St George ,west basin,,2017-08-08,4-7,,7.442,3.418,0.162,4.909,2.649,3.615,1.358,3.777,1073.9,1.559,0.108,10.018,190.901,1.326,1.851,1.359
TMF-73,Ont,Lake St George ,west basin,,2017-08-08,0-3,,9.298,2.215,0.127,1.102,1.959,4.709,1.946,3.406,756.4,1.451,0.147,6.624,7.742,5.433,1.479,2.538
TMF-132,Ont,Leonard Lake,LLNDH,,2017-08-21,1,,21.17,2.21,0.05,8.85,1.18,4.66,0.91,5.98,186.56,2.35,1.49,3.08,11.54,4.69,0.09,3.9
TMF-133,Ont,Leonard Lake,LLNDH,,2017-08-21,3.5,,17.17,4.22,0.11,5.93,1.3,4.8,1.28,6.48,1584.36,2.88,2.57,8.83,2.29,3.87,0.77,2.46
TMF-134,Ont,Leonard Lake,LLNDH,,2017-08-21,15,,317.82,1.13,0.79,2.3,1.44,4.05,1.7,0.45,52.42,1.05,1.33,6.93,446.07,1.64,0.14,2.54
TMF-135,Ont,Leonard Lake,STN2,,2017-08-22,1,,22.51,3.31,0.04,8.9,1.2,3.14,1.24,7.52,37.56,2.02,1.05,4.27,2.71,2.22,0.07,6.34
TMF-136,Ont,Leonard Lake,STN2,,2017-08-22,3.5,,28.01,1.08,0.05,2,1.13,0.37,0.98,3.09,154.73,3.81,0.81,6.32,4.43,1.43,0.08,5.47
TMF-137,Ont,Leonard Lake,STN2,,2017-08-22,7,,1291.07,2.13,1.16,3.56,1.63,7.15,1.31,5.25,132.88,3.21,0.69,1.86,910.52,2.78,0.2,4.75
TMF-258,Ont,Nipissing ,IG9,,2017-09-28,0-6,,88.115,4.908,0.033,11.234,1.927,1.073,2.019,4.77,31.315,4.711,0.193,11.771,2.38,5.554,0.281,8.64
TMF-52,Ont,Nipissing ,IG9,,2017-06-08,0-6.7,,145.116,1.588,0.071,5.536,1.798,7.472,1.618,6.174,807.6,1.01,0.148,4.672,3.785,7.165,2.075,0.99
TMF-53,Ont,Nipissing ,IG9,,2017-07-05,0-5.8,,129.117,1.641,0.041,2.582,1.28,1.891,1.596,2.771,225.6,1.692,0.145,9.1,1.899,1.578,0.893,1.274
TMF-54,Ont,Nipissing ,IG9,,2017-07-11,0-5.3,,117.613,2.043,0.04,3.248,1.415,3.254,1.808,2.714,24.0,1.463,0.166,2.337,1.243,1.312,0.472,4.011
TMF-139,Ont,Nipissing ,Callandar IG9,,2017-07-20,0-6.2,,98.75,1.94,0.07,3.19,0.92,1.41,1.37,1.64,13.06,2.15,0.97,3.53,1.41,3.49,0.25,10.33
TMF-140,Ont,Nipissing ,Callandar IG9,,2017-08-03,0-5,,91.73,2.81,0.06,3.34,0.9,4.35,1.49,3.38,43.03,1.63,0.3,5.63,1.43,2.86,0.3,5.99
TMF-141,Ont,Nipissing ,Callandar IG9,,2017-08-16,0-3.5,,90.29,1.83,0.06,3.51,0.82,6.63,1.42,3.14,9.78,1.49,0.21,5.19,1.65,2.88,0.27,2.04
TMF-142,Ont,Nipissing ,Callandar IG9,,2017-08-30,0-4.2,,85.91,2.19,0.06,1.14,0.9,2.78,1.68,1.99,28.63,1.28,0.2,2.92,1.67,0.49,0.29,10.74
TMF-143,Ont,Nipissing ,Callandar IG9,,2017-09-11,0-4.5,,95.43,3.17,0.06,0.99,0.92,3.52,1.44,1.83,25.18,1.01,0.18,3.11,2.23,1.32,0.31,8.67
TMF-51,Ont,Nipissing ,IG9,,2017-05-27,0-4.5,,150.173,1.491,0.056,7.9,1.485,6.367,1.479,5.205,499.7,0.148,0.164,6.108,2.381,6.142,1.507,2.519
TMF-122,Ont,Otty,,,2017-08-14,,,10.39,0.31,0.12,4.58,2.37,3.05,1.09,5.93,956.82,1.26,33.95,3.03,0.6,0.52,0.47,1.05
TMF-138,Ont,Stong Pond,near inlet,,2017-09-12,0,,14.47,6.27,0.28,5.62,2.07,7.73,12.1,5.03,117.92,4.97,16274.83,4.84,22.95,5.88,3.41,2.4
TMF-366,Ont,Stong Pond A,,,2017-12-11,"surface, near outlet",,98.008,3.548,0.871,13.553,2.315,12.883,5.84,14.903,367.554,2.199,4683.668,14.544,18.788,13.345,1.87,4.268
TMF-367,Ont,Stong Pond B,,,2017-12-11,"surface, near outlet",,107.533,3.357,1.097,6.898,3.033,6.632,7.159,5.916,117.118,2.43,6402.834,4.736,23.143,8.149,1.955,7.551
TMF-368,Ont,Stong Pond C,,,2017-12-11,"surface, near outlet",,70.348,4.79,1.032,4.463,2.853,5.084,6.419,4.655,55.987,4.605,5892.377,4.984,21.474,3.308,1.79,4.77
TMF-369,Ont,Stong Pond D,,,2017-12-11,"surface, near outlet",,72.954,1.552,1.199,10.876,3.365,8.88,7.392,10.115,5.626,5.328,6869.372,11.054,24.978,10.303,1.947,3.644
TMF-128,Ont,Ottawa Stormwater Facility 1209,1209,,2017-06-01,,,42.68,2.51,0.16,2.66,1.96,5.76,2.93,5.01,721.48,1.76,3.68,4.76,5.66,2.13,1.52,1.19
TMF-130,Ont,Ottawa Stormwater Facility 1227,1227,,2017-06-01,,,22.29,2.39,0.16,6.37,2.35,2.92,2.11,1.73,661.65,0.59,3.39,1.44,1.79,2.14,1.05,2.4
TMF-129,Ont,Ottawa Stormwater Facility 1209,1209,,2017-08-24,,,93.93,2.42,0.24,4.12,7.69,2.47,10.02,2.95,1092.92,1.51,3.46,9.81,31.81,2.3,2.56,1.43
TMF-131,Ont,Ottawa Stormwater Facility 1227,1227,,2017-08-24,,,37.04,2.72,0.14,6.1,2.02,1.75,1.82,5.08,255.57,1.62,3.01,4.08,1.16,1.32,0.75,4.58
TMF-370,Ont,Three Mile,Hammell's Bay,,2017-05-25,0-3 m,0-4,59.144,3.591,0.03,7.395,0.307,6.82,0.737,6.28,188.973,2.865,269.653,7.579,0.876,0.956,0.439,5.643
TMF-373,Ont,Three Mile,Main,,2017-06-28,depth not recorded,,229.974,5.786,0.214,26.792,1.422,24.182,1.76,25.609,841.505,5.13,36.751,31.75,6.224,21.868,1.157,9.632
TMF-371,Ont,Three Mile,Hammell's Bay,,2017-06-28,epi,0-4,36.932,3.473,0.042,8.348,0.352,7.412,1.008,1.913,50.351,2.02,92.833,12.303,0.909,3.792,0.223,3.395
TMF-372,Ont,Three Mile,Hammell's Bay,,2017-06-28,hypo,,118.346,0.766,0.082,6.131,0.409,2.831,0.777,5.606,320.35,1.564,40.637,13.129,75.529,5.717,0.44,12.282
TMF-374,Ont,Three Mile,Hammell's Bay,,2017-07-13,epi,0-4,44.239,1.188,0.038,3.818,0.391,2.054,0.927,6.052,47.968,1.782,18.98,9.103,0.844,2.993,0.234,4.608
TMF-375,Ont,Three Mile,Hammell's Bay,,2017-07-13,hypo,,4894.875,0.562,0.726,7.849,0.414,4.234,0.539,3.115,29.683,0.856,10.798,13.635,771.042,7.674,1.565,1.229
TMF-55,Ont,Wasi,WA2,,2017-05-26,0-4.5,,269.027,0.518,0.094,2.143,1.111,1.089,1.358,0.121,99.5,1.366,0.121,4.973,17.588,3.899,0.394,2.547
TMF-56,Ont,Wasi,WA2,,2017-06-07,0-3.75,,273.344,2.851,0.099,4.496,1.332,6.252,1.62,3.767,73.9,3.846,0.139,2.857,22.685,2.794,0.485,2.775
TMF-144,Ont,Wasi,WA2,,2017-07-21,0-3,,277.8,1.53,0.06,1.82,0.61,5.58,0.95,2.29,63.49,0.5,0.11,2.66,6.05,4.33,0.46,3.9
TMF-145,Ont,Wasi,WA2,,2017-08-02,0-2.5,,282.28,0.41,0.06,2.85,0.6,2.24,0.93,2.95,48.89,0.5,0.12,0.82,5.25,2.87,0.39,3.88
TMF-146,Ont,Wasi,WA2,,2017-08-16,0-2.5,,327.87,0.93,0.07,1.06,0.6,5.83,0.91,4.33,27.61,1.8,0.13,4.17,9.7,2.39,0.38,10.39
TMF-147,Ont,Wasi,WA2,,2017-08-30,0-2.8,,350.02,2.25,0.07,5.49,0.64,5.95,1.33,1.95,40.76,0.83,0.13,4.56,7.13,3.29,0.44,1.17
TMF-148,Ont,Wasi,WA2,,2017-09-11,0-2.8,,342.28,2.05,0.07,2.47,0.61,3.28,0.9,2.51,40.36,2.45,0.13,4.81,9.16,2.92,0.41,7.5
TMF-57,Ont,Wasi ,WA2,,2017-07-05,0-3,,308.169,3.313,0.049,0.678,1.133,2.028,1.688,1.899,24.0,2.347,0.135,1.642,4.451,2.93,0.427,4.446
TMF-124,Quebec,Lac Breton,A,,2017-05-21,,,22.79,3.17,0.06,5.49,0.93,6.08,0.61,10.71,107.55,1.9,9.81,2.2,4.88,1.13,0.35,2.13
TMF-125,Quebec,Lac Breton,B,,2017-05-21,,,22.67,3.56,0.06,7.7,1.01,7.55,0.92,3.45,34.23,1.56,6.61,3.05,4.91,1.29,0.31,2.05
TMF-126,Quebec,Lac Breton,open,,2017-08-20,,,36.44,4.53,0.06,11.58,0.97,1.87,1.08,2.09,41.15,2.09,6.54,1.31,0.63,2.1,0.52,1.69
TMF-127,Quebec,Lac Breton,dock,,2017-08-20,,,42.68,2.82,0.06,11.61,0.93,10.11,0.68,2.75,27.69,1.41,3.68,2.7,0.55,2.07,0.56,2.37
TMF-220,Sask,Buffalo Pound,,,2017-07-10,0,,4.65,1.47,0.21,8.23,2.61,5.14,1.91,3.71,146.97,0.61,2.14,4.35,0.68,4.62,3.64,1.72
TMF-186,Sask,Buffalo Pound,,3,2017-07-18,0.3,,3.33,1.98,0.19,4.02,2.8,3.76,3.99,2.89,56.47,0.44,2.26,4.48,0.37,1.71,1.61,2.2
TMF-190,Sask,Buffalo Pound,,7,2017-08-01,0.3,,4.13,2.46,0.23,3.34,2.86,1.35,4.64,2.26,5.05,4.76,2.96,4.97,1.07,3.91,1.59,8.85
TMF-119,Sask,Buffalo Pound,,,2017-08-03,0,,0.73,3.48,0.18,8.6,1.61,4.95,1.89,8.27,0.51,4.68,5.63,5.16,0.52,100.86,2.47,3.58
TMF-192,Sask,Buffalo Pound,,13,2017-08-04,0,,6.64,4.16,0.21,1.1,2.54,1.52,5.06,0.48,8.83,2.15,2.64,2.9,0.53,0.95,1.8,4.12
TMF-221,Sask,Buffalo Pound,,,2017-08-08,0,,16.03,3.02,0.19,4.18,2.04,2.55,2.98,3.61,388.36,3.94,2.15,4.75,0.73,4.9,1.68,6.11
TMF-120,Sask,Buffalo Pound,,,2017-08-08,0.8,,0.98,15.72,0.14,14.32,1.33,13.48,1.13,22.4,6.32,15.57,3.33,18.53,0.18,12.75,2.13,15.87
TMF-193,Sask,Buffalo Pound,,17,2017-08-10,0,surface scum,134.79,1.54,18.33,4.54,26.03,3.68,11.13,2.35,123.76,2.81,3.31,3.1,3.62,4.07,1.85,4.19
TMF-196,Sask,Buffalo Pound,,20,2017-08-14,0,,10.35,4.52,0.23,1.91,4.16,4.96,4.4,3.44,52.05,3.25,2.56,2.44,0.76,4.21,1.79,7.43
TMF-197,Sask,Buffalo Pound,,22,2017-08-15,0.3,,12.91,2.07,0.22,2.88,5.94,6.17,4,3.69,14.68,1.67,2.46,4.54,0.72,5.54,1.87,1.78
TMF-222,Sask,Buffalo Pound,,,2017-08-16,0,,3.92,0.68,0.2,4.23,2.69,3.86,1.89,4.1,341.73,2.18,2.32,4.13,0.32,3.95,3.11,2.23
TMF-200,Sask,Buffalo Pound,,26,2017-08-22,0,,9.91,2.04,0.22,2.4,2.88,4.32,6.33,2.89,4.42,1.54,2.71,2.73,0.77,2.87,2.01,0.61
TMF-201,Sask,Buffalo Pound,shore,27,2017-08-22,0,,14.33,3.04,0.27,4.85,6.32,3.21,4.22,4.83,72.52,2.81,2.64,4.66,1.13,2.89,2.29,1.69
TMF-223,Sask,Buffalo Pound,,,2017-08-28,0,,13.52,2.82,0.47,3.31,2.04,6.94,3.2,3.97,418.52,2.26,2.21,2.52,1.01,2.11,1.91,6.07
TMF-224,Sask,Buffalo Pound,,,2017-09-05,0,,9.13,0.71,0.2,4.64,2.2,6.35,2.04,3.62,15.95,0.78,2.32,4.39,1.21,4.65,1.81,5.8
TMF-225,Sask,Buffalo Pound,,,2017-09-21,0,,5.38,1.82,0.19,2.52,2.05,0.26,1.76,3.55,39.34,2.59,2.31,3.87,0.32,3.79,1.5,5.45
TMF-226,Sask,Buffalo Pound,,,2017-10-05,0,,4.37,1.58,0.19,1.45,2.2,3.61,1.88,3.73,47.7,1.73,2.3,3.37,0.65,2.67,1.39,3.67
TMF-185,Sask,Katepwa,,2,2017-07-14,0.3,,3.27,4.82,0.31,3.03,3.45,7.51,5.16,4.77,< D.L.,< D.L.,3.41,3.05,2.41,3.7,2.65,2.25
TMF-189,Sask,Katepwa,,6,2017-07-29,0.3,,3.94,1.36,0.3,7,3.63,4.85,5.94,4.42,0.59,14.78,3.46,5.66,2.01,4.49,2.7,1.04
TMF-194,Sask,Katepwa,,18,2017-08-12,0.3,,3.86,1.33,0.32,2.23,3.65,4.01,5.56,4.56,81.19,1.84,3.52,3.08,1.73,2.24,2.7,1.98
TMF-202,Sask,Katepwa,,28,2017-08-26,0.3,,24.37,2.04,0.4,1.42,5.36,1.86,6.26,3.58,17.62,4,4.88,3.82,1.41,1.72,2.77,2
TMF-187,Sask,Pasqua,,4,2017-07-19,0.3,,5.92,3.31,0.67,1.64,5.03,1.76,5.07,3.12,3.58,4.82,6.51,2.31,1.65,2.59,4.21,5.87
TMF-191,Sask,Pasqua,,12,2017-08-02,0.3,,5.33,1.26,0.68,4.33,4.47,3.69,5.28,3.6,0.66,7.39,6.73,5.04,4.53,3.54,4.68,2.52
TMF-198,Sask,Pasqua,,23,2017-08-16,0.3,,5.51,2.16,0.57,0.78,5.33,2.33,4.78,2.46,12.39,2.14,6.29,2.84,3.75,2.96,4.84,3.77
TMF-184,Sask,Wascana,,1,2017-07-11,0.3,,5.84,2.33,0.51,0.72,8.46,2.32,4.68,3.03,31.55,1.96,3.71,2.02,1.35,2.18,7.73,0.88
TMF-188,Sask,Wascana,,5,2017-07-25,0.3,,6.55,3.57,0.55,4.89,10.03,3.88,4.09,4.08,8.37,1.85,3.80,4.63,1.58,5.93,9.3,2.18
TMF-199,Sask,Wascana,,25,2017-08-22,0.3,,18.09,1.56,0.6,4.25,6.53,3.75,3.97,4.35,7.47,1.61,4.11,4.46,1.55,4.41,10.54,1.86
